1716857538529,246,HTTP Request,200,OK,Thread Group 1-10,text,true,521,84,84,246
1716857538527,417,HTTP Request,200,OK,Thread Group 1-30,text,true,507,106,106,417
1716857538525,553,HTTP Request,200,OK,Thread Group 1-27,text,true,507,122,122,553
1716857538529,553,HTTP Request,200,OK,Thread Group 1-39,text,true,507,122,122,553
1716857538522,627,HTTP Request,200,OK,Thread Group 1-11,text,true,549,130,130,627
1716857538526,623,HTTP Request,200,OK,Thread Group 1-28,text,true,549,130,130,623
1716857538528,622,HTTP Request,200,OK,Thread Group 1-43,text,true,521,128,128,622
1716857538565,584,HTTP Request,200,OK,Thread Group 1-55,text,true,535,127,127,584
1716857538522,781,HTTP Request,200,OK,Thread Group 1-14,text,true,521,142,142,781
1716857538526,781,HTTP Request,200,OK,Thread Group 1-18,text,true,521,141,141,781
1716857538524,794,HTTP Request,200,OK,Thread Group 1-12,text,true,535,140,140,794
1716857538526,805,HTTP Request,200,OK,Thread Group 1-29,text,true,507,139,139,805
1716857538523,933,HTTP Request,200,OK,Thread Group 1-3,text,true,549,138,138,933
1716857538529,927,HTTP Request,200,OK,Thread Group 1-38,text,true,535,138,138,927
1716857538525,989,HTTP Request,200,OK,Thread Group 1-26,text,true,535,136,136,989
1716857538528,987,HTTP Request,200,OK,Thread Group 1-41,text,true,535,135,135,987
1716857538586,939,HTTP Request,200,OK,Thread Group 1-57,text,true,521,134,134,939
1716857538632,1040,HTTP Request,200,OK,Thread Group 1-65,text,true,507,133,133,1039
1716857538672,1024,HTTP Request,200,OK,Thread Group 1-71,text,true,507,132,132,1024
1716857538540,1162,HTTP Request,200,OK,Thread Group 1-51,text,true,549,131,131,1162
1716857538524,1187,HTTP Request,200,OK,Thread Group 1-40,text,true,535,130,130,1187
1716857538523,1195,HTTP Request,200,OK,Thread Group 1-6,text,true,521,129,129,1195
1716857538523,1212,HTTP Request,200,OK,Thread Group 1-15,text,true,549,128,128,1212
1716857538599,1136,HTTP Request,200,OK,Thread Group 1-60,text,true,521,127,127,1136
1716857538586,1185,HTTP Request,200,OK,Thread Group 1-58,text,true,521,126,126,1185
1716857538523,1257,HTTP Request,200,OK,Thread Group 1-7,text,true,521,125,125,1257
1716857538551,1316,HTTP Request,200,OK,Thread Group 1-53,text,true,549,124,124,1316
1716857538527,1342,HTTP Request,200,OK,Thread Group 1-31,text,true,521,123,123,1342
1716857538652,1245,HTTP Request,200,OK,Thread Group 1-68,text,true,507,122,122,1245
1716857538528,1408,HTTP Request,200,OK,Thread Group 1-37,text,true,507,121,121,1408
1716857538532,1418,HTTP Request,200,OK,Thread Group 1-50,text,true,521,120,120,1418
1716857538527,1486,HTTP Request,200,OK,Thread Group 1-32,text,true,549,119,119,1486
1716857538619,1394,HTTP Request,200,OK,Thread Group 1-63,text,true,549,118,118,1394
1716857538525,1490,HTTP Request,200,OK,Thread Group 1-20,text,true,521,117,117,1490
1716857538524,1511,HTTP Request,200,OK,Thread Group 1-16,text,true,535,116,116,1511
1716857538527,1511,HTTP Request,200,OK,Thread Group 1-35,text,true,549,115,115,1511
1716857538721,1318,HTTP Request,200,OK,Thread Group 1-78,text,true,507,114,114,1318
1716857538544,1496,HTTP Request,200,OK,Thread Group 1-52,text,true,535,114,114,1495
1716857538704,1338,HTTP Request,200,OK,Thread Group 1-72,text,true,521,112,112,1338
1716857538729,1313,HTTP Request,200,OK,Thread Group 1-79,text,true,521,112,112,1313
1716857538528,1516,HTTP Request,200,OK,Thread Group 1-44,text,true,535,111,111,1516
1716857538529,1589,HTTP Request,200,OK,Thread Group 1-13,text,true,549,109,109,1589
1716857538527,1592,HTTP Request,200,OK,Thread Group 1-34,text,true,535,108,108,1592
1716857538527,1592,HTTP Request,200,OK,Thread Group 1-48,text,true,535,107,107,1592
1716857538559,1561,HTTP Request,200,OK,Thread Group 1-54,text,true,521,106,106,1561
1716857538528,1597,HTTP Request,200,OK,Thread Group 1-5,text,true,549,105,105,1597
1716857538614,1541,HTTP Request,200,OK,Thread Group 1-62,text,true,521,104,104,1541
1716857538494,1663,HTTP Request,200,OK,Thread Group 1-1,text,true,549,103,103,1663
1716857538769,1390,HTTP Request,200,OK,Thread Group 1-84,text,true,535,102,102,1390
1716857538736,1423,HTTP Request,200,OK,Thread Group 1-80,text,true,521,102,102,1423
1716857538523,1644,HTTP Request,200,OK,Thread Group 1-4,text,true,549,100,100,1644
1716857538626,1541,HTTP Request,200,OK,Thread Group 1-64,text,true,521,99,99,1541
1716857538526,1643,HTTP Request,200,OK,Thread Group 1-17,text,true,535,98,98,1643
1716857538523,1646,HTTP Request,200,OK,Thread Group 1-8,text,true,549,97,97,1646
1716857538646,1524,HTTP Request,200,OK,Thread Group 1-67,text,true,535,96,96,1524
1716857539031,1151,HTTP Request,200,OK,Thread Group 1-119,text,true,507,95,95,1151
1716857538526,1661,HTTP Request,200,OK,Thread Group 1-19,text,true,535,94,94,1661
1716857539025,1163,HTTP Request,200,OK,Thread Group 1-118,text,true,521,93,93,1163
1716857538523,1669,HTTP Request,200,OK,Thread Group 1-2,text,true,549,92,92,1669
1716857538714,1477,HTTP Request,200,OK,Thread Group 1-77,text,true,549,92,92,1477
1716857538524,1671,HTTP Request,200,OK,Thread Group 1-23,text,true,549,90,90,1671
1716857538525,1680,HTTP Request,200,OK,Thread Group 1-49,text,true,549,89,89,1680
1716857538877,1328,HTTP Request,200,OK,Thread Group 1-98,text,true,535,88,88,1328
1716857538523,1686,HTTP Request,200,OK,Thread Group 1-9,text,true,507,87,87,1686
1716857538928,1342,HTTP Request,200,OK,Thread Group 1-105,text,true,549,86,86,1342
1716857538525,1749,HTTP Request,200,OK,Thread Group 1-25,text,true,549,85,85,1749
1716857538527,1748,HTTP Request,200,OK,Thread Group 1-36,text,true,549,84,84,1748
1716857539251,1035,HTTP Request,200,OK,Thread Group 1-147,text,true,507,83,83,1035
1716857538529,1760,HTTP Request,200,OK,Thread Group 1-42,text,true,549,82,82,1760
1716857538777,1513,HTTP Request,200,OK,Thread Group 1-85,text,true,507,81,81,1513
1716857538528,1763,HTTP Request,200,OK,Thread Group 1-45,text,true,549,80,80,1763
1716857538685,1606,HTTP Request,200,OK,Thread Group 1-73,text,true,549,79,79,1606
1716857538524,1770,HTTP Request,200,OK,Thread Group 1-21,text,true,535,78,78,1769
1716857538835,1458,HTTP Request,200,OK,Thread Group 1-93,text,true,507,77,77,1458
1716857538988,1308,HTTP Request,200,OK,Thread Group 1-113,text,true,521,76,76,1308
1716857538814,1484,HTTP Request,200,OK,Thread Group 1-90,text,true,507,75,75,1484
1716857538755,1543,HTTP Request,200,OK,Thread Group 1-82,text,true,549,75,75,1543
1716857538828,1470,HTTP Request,200,OK,Thread Group 1-92,text,true,521,73,73,1470
1716857538525,1776,HTTP Request,200,OK,Thread Group 1-24,text,true,535,72,72,1776
1716857538659,1641,HTTP Request,200,OK,Thread Group 1-69,text,true,549,72,72,1641
1716857538695,1607,HTTP Request,200,OK,Thread Group 1-74,text,true,549,70,70,1607
1716857538822,1481,HTTP Request,200,OK,Thread Group 1-91,text,true,535,69,69,1481
1716857538890,1419,HTTP Request,200,OK,Thread Group 1-99,text,true,521,68,68,1419
1716857539187,1123,HTTP Request,200,OK,Thread Group 1-138,text,true,535,67,67,1123
1716857538941,1372,HTTP Request,200,OK,Thread Group 1-107,text,true,549,66,66,1372
1716857538523,1791,HTTP Request,200,OK,Thread Group 1-47,text,true,549,65,65,1791
1716857538862,1453,HTTP Request,200,OK,Thread Group 1-96,text,true,535,64,64,1453
1716857538666,1658,HTTP Request,200,OK,Thread Group 1-70,text,true,535,63,63,1658
1716857538843,1481,HTTP Request,200,OK,Thread Group 1-94,text,true,549,63,63,1481
1716857538639,1685,HTTP Request,200,OK,Thread Group 1-66,text,true,549,62,62,1685
1716857538614,1712,HTTP Request,200,OK,Thread Group 1-61,text,true,549,60,60,1712
1716857539167,1164,HTTP Request,200,OK,Thread Group 1-136,text,true,521,59,59,1164
1716857538743,1591,HTTP Request,200,OK,Thread Group 1-81,text,true,549,58,58,1591
1716857538849,1485,HTTP Request,200,OK,Thread Group 1-95,text,true,507,57,57,1485
1716857539088,1249,HTTP Request,200,OK,Thread Group 1-126,text,true,521,56,56,1249
1716857538935,1403,HTTP Request,200,OK,Thread Group 1-106,text,true,507,55,55,1403
1716857538914,1424,HTTP Request,200,OK,Thread Group 1-103,text,true,535,54,54,1424
1716857539101,1239,HTTP Request,200,OK,Thread Group 1-128,text,true,521,53,53,1239
1716857538974,1367,HTTP Request,200,OK,Thread Group 1-111,text,true,507,52,52,1367
1716857538900,1443,HTTP Request,200,OK,Thread Group 1-101,text,true,521,51,51,1443
1716857538956,1388,HTTP Request,200,OK,Thread Group 1-109,text,true,507,50,50,1388
1716857538524,1821,HTTP Request,200,OK,Thread Group 1-22,text,true,549,49,49,1821
1716857538981,1366,HTTP Request,200,OK,Thread Group 1-112,text,true,535,48,48,1366
1716857538708,1639,HTTP Request,200,OK,Thread Group 1-76,text,true,549,48,48,1639
1716857538981,1367,HTTP Request,200,OK,Thread Group 1-110,text,true,507,47,47,1367
1716857539048,1300,HTTP Request,200,OK,Thread Group 1-121,text,true,521,47,47,1300
1716857538784,1564,HTTP Request,200,OK,Thread Group 1-86,text,true,521,44,44,1564
1716857538761,1588,HTTP Request,200,OK,Thread Group 1-83,text,true,535,43,43,1588
1716857538894,1455,HTTP Request,200,OK,Thread Group 1-100,text,true,549,42,42,1455
1716857538591,1759,HTTP Request,200,OK,Thread Group 1-59,text,true,549,41,41,1759
1716857538794,1558,HTTP Request,200,OK,Thread Group 1-87,text,true,535,40,40,1558
1716857539062,1290,HTTP Request,200,OK,Thread Group 1-123,text,true,549,39,39,1290
1716857539017,1335,HTTP Request,200,OK,Thread Group 1-117,text,true,507,39,39,1335
1716857538587,1765,HTTP Request,200,OK,Thread Group 1-56,text,true,549,38,38,1765
1716857539132,1221,HTTP Request,200,OK,Thread Group 1-132,text,true,521,36,36,1221
1716857539139,1224,HTTP Request,200,OK,Thread Group 1-133,text,true,549,35,35,1224
1716857539040,1324,HTTP Request,200,OK,Thread Group 1-120,text,true,507,34,34,1324
1716857539237,1127,HTTP Request,200,OK,Thread Group 1-145,text,true,521,33,33,1127
1716857538907,1460,HTTP Request,200,OK,Thread Group 1-102,text,true,507,32,32,1460
1716857539055,1315,HTTP Request,200,OK,Thread Group 1-122,text,true,535,31,31,1315
1716857538801,1573,HTTP Request,200,OK,Thread Group 1-88,text,true,521,30,30,1573
1716857539009,1365,HTTP Request,200,OK,Thread Group 1-116,text,true,535,29,29,1365
1716857539215,1160,HTTP Request,200,OK,Thread Group 1-142,text,true,549,28,28,1160
1716857538700,1675,HTTP Request,200,OK,Thread Group 1-75,text,true,535,27,27,1675
1716857538995,1380,HTTP Request,200,OK,Thread Group 1-114,text,true,549,26,26,1380
1716857538527,1850,HTTP Request,200,OK,Thread Group 1-33,text,true,549,25,25,1850
1716857539160,1216,HTTP Request,200,OK,Thread Group 1-135,text,true,507,24,24,1216
1716857539080,1298,HTTP Request,200,OK,Thread Group 1-125,text,true,549,23,23,1298
1716857539173,1205,HTTP Request,200,OK,Thread Group 1-137,text,true,507,22,22,1205
1716857539195,1183,HTTP Request,200,OK,Thread Group 1-139,text,true,549,21,21,1183
1716857539071,1308,HTTP Request,200,OK,Thread Group 1-124,text,true,521,20,20,1308
1716857539244,1135,HTTP Request,200,OK,Thread Group 1-146,text,true,535,19,19,1135
1716857539258,1122,HTTP Request,200,OK,Thread Group 1-148,text,true,521,18,18,1122
1716857539124,1256,HTTP Request,200,OK,Thread Group 1-131,text,true,535,17,17,1256
1716857539118,1263,HTTP Request,200,OK,Thread Group 1-130,text,true,507,16,16,1262
1716857539222,1159,HTTP Request,200,OK,Thread Group 1-143,text,true,549,16,16,1159
1716857539145,1236,HTTP Request,200,OK,Thread Group 1-134,text,true,521,15,15,1236
1716857539230,1151,HTTP Request,200,OK,Thread Group 1-144,text,true,521,15,15,1151
1716857539201,1180,HTTP Request,200,OK,Thread Group 1-140,text,true,521,13,13,1180
1716857538522,1860,HTTP Request,200,OK,Thread Group 1-46,text,true,535,12,12,1860
1716857539276,1106,HTTP Request,200,OK,Thread Group 1-150,text,true,535,11,11,1106
1716857538949,1433,HTTP Request,200,OK,Thread Group 1-108,text,true,507,10,10,1433
1716857539208,1174,HTTP Request,200,OK,Thread Group 1-141,text,true,535,10,10,1174
1716857538925,1458,HTTP Request,200,OK,Thread Group 1-104,text,true,507,7,7,1458
1716857539111,1266,HTTP Request,200,OK,Thread Group 1-129,text,true,549,23,23,1266
1716857538871,1506,HTTP Request,200,OK,Thread Group 1-97,text,true,521,23,23,1506
1716857539264,1113,HTTP Request,200,OK,Thread Group 1-149,text,true,535,23,23,1113
1716857538807,1570,HTTP Request,200,OK,Thread Group 1-89,text,true,549,23,23,1570
1716857539098,1279,HTTP Request,200,OK,Thread Group 1-127,text,true,535,23,23,1279
1716857539002,1374,HTTP Request,200,OK,Thread Group 1-115,text,true,535,1,1,1374
